Model,Accuracy,Precision,Recall,F1-Score,ROC-AUC,Avg_Precision,CV_Mean,CV_Std
Gradient Boosting,0.9875735775016351,0.9763220205209155,0.993574297188755,0.9848726114649682,0.9991746356634481,0.9987695084754296,0.9879803761242846,0.001627125817018187
K-Nearest Neighbors,0.972531066056246,0.9793559042113955,0.9526104417670683,0.9657980456026058,0.9944324457233236,0.9903156489628739,0.962142273098937,0.006181866940780309
AdaBoost,0.9679529103989536,0.9490994518402506,0.9734939759036144,0.9611419508326725,0.9967501556141831,0.9949299731833627,0.9698282910874898,0.004699953512085015
SVM,0.961412688031393,0.9555375909458367,0.9493975903614458,0.9524576954069299,0.9916484470701338,0.9856465986842832,0.9588716271463614,0.004430488040603119
Logistic Regression,0.9466971877043819,0.9398373983739837,0.9285140562248996,0.9341414141414142,0.9890571663377171,0.983053586185181,0.9440719542109566,0.005954911351114652
Naive Bayes,0.8570961412688032,0.9048096192384769,0.7253012048192771,0.8051716451181453,0.9583618533704592,0.9197272621119091,0.8557645134914145,0.002918490318491413
