Model,Accuracy,Precision,Recall,F1-Score,ROC-AUC,Avg_Precision,CV_F1_mean,CV_F1_std,TN,FP,FN,TP,Falsos_Neg
Gradient Boosting,0.9936777850446915,0.990923651895355,0.9935760171306209,0.9922480620155039,0.9998401289049302,0.9997649923345564,0.993009624083405,0.0022814215549316337,2702,17,12,1856,12
Random Forest,0.9921517331589274,0.9846560846560847,0.9962526766595289,0.9904204364023417,0.9993433865738207,0.9989448233702547,0.9899416697562327,0.003159262559016126,2690,29,7,1861,7
Decision Tree (baseline),0.9906256812731633,0.98718633208756,0.9898286937901499,0.9885057471264368,0.999279989415431,0.998062873245455,0.9925406685484042,0.002321817305112549,2695,24,19,1849,19
Logistic Regression (baseline),0.9452801395247439,0.9420448332422089,0.9223768736616702,0.9321071138761158,0.9879868291419017,0.9814548427291636,0.929453676070966,0.004509054935967511,2613,106,145,1723,145
